report_date,href_ext,report_title
2020-05-15,7079,Tagesreport aus dem DIVI-Intensivregister
2020-04-20,7054,Tagesreport aus dem DIVI-Intensivregister
2020-04-24,7058,Tagesreport aus dem DIVI-Intensivregister
2020-05-19,7083,Tagesreport aus dem DIVI-Intensivregister
2020-05-31,7095,Tagesreport aus dem DIVI-Intensivregister
2020-05-20,7084,Tagesreport aus dem DIVI-Intensivregister
2020-05-17,7081,Tagesreport aus dem DIVI-Intensivregister
2020-04-21,7055,Tagesreport aus dem DIVI-Intensivregister
2020-05-18,7082,Tagesreport aus dem DIVI-Intensivregister
2020-05-29,7093,Tagesreport aus dem DIVI-Intensivregister
2020-05-28,7092,Tagesreport aus dem DIVI-Intensivregister
2020-04-25,7059,Tagesreport aus dem DIVI-Intensivregister
2020-04-26,7060,Tagesreport aus dem DIVI-Intensivregister
2020-05-08,7072,Tagesreport aus dem DIVI-Intensivregister
2020-05-11,7075,Tagesreport aus dem DIVI-Intensivregister
2020-05-01,7065,Tagesreport aus dem DIVI-Intensivregister
2020-04-15,7049,Tagesreport aus dem DIVI-Intensivregister
2020-06-01,7096,Tagesreport aus dem DIVI-Intensivregister
2020-05-02,7066,Tagesreport aus dem DIVI-Intensivregister
2020-05-03,7067,Tagesreport aus dem DIVI-Intensivregister
2020-06-02,7097,Tagesreport aus dem DIVI-Intensivregister
2020-04-27,7061,Tagesreport aus dem DIVI-Intensivregister
2020-04-16,7050,Tagesreport aus dem DIVI-Intensivregister
2020-05-23,7087,Tagesreport aus dem DIVI-Intensivregister
2020-06-03,7098,Tagesreport aus dem DIVI-Intensivregister
2020-05-07,7071,Tagesreport aus dem DIVI-Intensivregister
2020-05-22,7086,Tagesreport aus dem DIVI-Intensivregister
2020-05-14,7078,Tagesreport aus dem DIVI-Intensivregister
2020-05-16,7080,Tagesreport aus dem DIVI-Intensivregister
2020-04-19,7053,Tagesreport aus dem DIVI-Intensivregister
2020-05-25,7089,Tagesreport aus dem DIVI-Intensivregister
2020-05-06,7070,Tagesreport aus dem DIVI-Intensivregister
2020-05-24,7088,Tagesreport aus dem DIVI-Intensivregister
2020-04-22,7056,Tagesreport aus dem DIVI-Intensivregister
2020-05-05,7069,Tagesreport aus dem DIVI-Intensivregister
2020-04-17,7051,Tagesreport aus dem DIVI-Intensivregister
2020-04-14,7048,Tagesreport aus dem DIVI-Intensivregister
2020-04-18,7052,Tagesreport aus dem DIVI-Intensivregister
2020-04-30,7064,Tagesreport aus dem DIVI-Intensivregister
2020-05-04,7068,Tagesreport aus dem DIVI-Intensivregister
2020-03-26,7034,Tagesreport aus dem DIVI-Intensivregister
2020-04-28,7062,Tagesreport aus dem DIVI-Intensivregister
2020-05-27,7091,Tagesreport aus dem DIVI-Intensivregister
2020-05-26,7090,Tagesreport aus dem DIVI-Intensivregister
2020-05-12,7076,Tagesreport aus dem DIVI-Intensivregister
2020-04-13,7047,Tagesreport aus dem DIVI-Intensivregister
2020-06-04,7099,Tagesreport aus dem DIVI-Intensivregister
2020-05-13,7077,Tagesreport aus dem DIVI-Intensivregister
2020-05-10,7074,Tagesreport aus dem DIVI-Intensivregister
2020-04-23,7057,Tagesreport aus dem DIVI-Intensivregister
2020-05-09,7073,Tagesreport aus dem DIVI-Intensivregister
2020-04-29,7063,Tagesreport aus dem DIVI-Intensivregister
2020-05-30,7094,Tagesreport aus dem DIVI-Intensivregister
2020-04-03,7041,Tagesreport aus dem DIVI-Intensivregister
2020-09-24,7211,Tagesreport aus dem DIVI-Intensivregister
2020-12-27,7603,Tagesreport aus dem DIVI-Intensivregister
2020-07-07,7132,Tagesreport aus dem DIVI-Intensivregister
2020-07-26,7151,Tagesreport aus dem DIVI-Intensivregister
2020-05-21,7085,Tagesreport aus dem DIVI-Intensivregister
2020-10-28,7245,Tagesreport aus dem DIVI-Intensivregister
2020-11-04,7252,Tagesreport aus dem DIVI-Intensivregister
2020-10-19,7236,Tagesreport aus dem DIVI-Intensivregister
2020-10-26,7243,Tagesreport aus dem DIVI-Intensivregister
2020-10-11,7228,Tagesreport aus dem DIVI-Intensivregister
2020-10-10,7227,Tagesreport aus dem DIVI-Intensivregister
2020-10-20,7237,Tagesreport aus dem DIVI-Intensivregister
2020-10-09,7226,Tagesreport aus dem DIVI-Intensivregister
2020-10-15,7232,Tagesreport aus dem DIVI-Intensivregister
2020-11-10,7258,Tagesreport aus dem DIVI-Intensivregister
2020-10-08,7225,Tagesreport aus dem DIVI-Intensivregister
2020-10-23,7240,Tagesreport aus dem DIVI-Intensivregister
2020-11-06,7254,Tagesreport aus dem DIVI-Intensivregister
2020-11-11,7259,Tagesreport aus dem DIVI-Intensivregister
2020-11-09,7257,Tagesreport aus dem DIVI-Intensivregister
2020-11-08,7256,Tagesreport aus dem DIVI-Intensivregister
2020-10-27,7244,Tagesreport aus dem DIVI-Intensivregister
2020-10-18,7235,Tagesreport aus dem DIVI-Intensivregister
2020-10-14,7231,Tagesreport aus dem DIVI-Intensivregister
2020-10-31,7248,Tagesreport aus dem DIVI-Intensivregister
2020-10-12,7229,Tagesreport aus dem DIVI-Intensivregister
2020-10-30,7247,Tagesreport aus dem DIVI-Intensivregister
2020-11-01,7249,Tagesreport aus dem DIVI-Intensivregister
2020-10-29,7246,Tagesreport aus dem DIVI-Intensivregister
2020-11-05,7253,Tagesreport aus dem DIVI-Intensivregister
2020-11-02,7250,Tagesreport aus dem DIVI-Intensivregister
2020-10-13,7230,Tagesreport aus dem DIVI-Intensivregister
2020-10-16,7233,Tagesreport aus dem DIVI-Intensivregister
2020-10-17,7234,Tagesreport aus dem DIVI-Intensivregister
2020-10-21,7238,Tagesreport aus dem DIVI-Intensivregister
2020-10-22,7239,Tagesreport aus dem DIVI-Intensivregister
2020-11-03,7251,Tagesreport aus dem DIVI-Intensivregister
2020-10-24,7241,Tagesreport aus dem DIVI-Intensivregister
2020-10-25,7242,Tagesreport aus dem DIVI-Intensivregister
2020-11-07,7255,Tagesreport aus dem DIVI-Intensivregister
2020-11-12,7464,Tagesreport aus dem DIVI-Intensivregister
2020-11-13,7468,Tagesreport aus dem DIVI-Intensivregister
2020-11-14,7470,Tagesreport aus dem DIVI-Intensivregister
2020-11-15,7472,Tagesreport aus dem DIVI-Intensivregister
2020-11-16,7474,Tagesreport aus dem DIVI-Intensivregister
2020-11-17,7476,Tagesreport aus dem DIVI-Intensivregister
2020-11-18,7478,Tagesreport aus dem DIVI-Intensivregister
2020-11-19,7483,Tagesreport aus dem DIVI-Intensivregister
2020-11-20,7488,Tagesreport aus dem DIVI-Intensivregister
2020-11-21,7494,Tagesreport aus dem DIVI-Intensivregister
2020-11-22,7496,Tagesreport aus dem DIVI-Intensivregister
2020-11-23,7498,Tagesreport aus dem DIVI-Intensivregister
2020-11-24,7500,Tagesreport aus dem DIVI-Intensivregister
2020-11-25,7503,Tagesreport aus dem DIVI-Intensivregister
2020-11-26,7508,Tagesreport aus dem DIVI-Intensivregister
2020-11-27,7512,Tagesreport aus dem DIVI-Intensivregister
2020-11-28,7514,Tagesreport aus dem DIVI-Intensivregister
2020-11-29,7516,Tagesreport aus dem DIVI-Intensivregister
2020-11-30,7518,Tagesreport aus dem DIVI-Intensivregister
2020-12-01,7520,Tagesreport aus dem DIVI-Intensivregister
2020-12-02,7524,Tagesreport aus dem DIVI-Intensivregister
2020-12-03,7528,Tagesreport aus dem DIVI-Intensivregister
2020-12-04,7535,Tagesreport aus dem DIVI-Intensivregister
2020-12-05,7537,Tagesreport aus dem DIVI-Intensivregister
2020-12-06,7539,Tagesreport aus dem DIVI-Intensivregister
2020-12-07,7541,Tagesreport aus dem DIVI-Intensivregister
2020-12-08,7543,Tagesreport aus dem DIVI-Intensivregister
2020-12-09,7546,Tagesreport aus dem DIVI-Intensivregister
2020-12-10,7556,Tagesreport aus dem DIVI-Intensivregister
2020-12-11,7560,Tagesreport aus dem DIVI-Intensivregister
2020-12-12,7562,Tagesreport aus dem DIVI-Intensivregister
2020-12-13,7564,Tagesreport aus dem DIVI-Intensivregister
2020-12-14,7569,Tagesreport aus dem DIVI-Intensivregister
2020-12-15,7571,Tagesreport aus dem DIVI-Intensivregister
2020-12-16,7574,Tagesreport aus dem DIVI-Intensivregister
2020-12-17,7578,Tagesreport aus dem DIVI-Intensivregister
2020-12-18,7581,Tagesreport aus dem DIVI-Intensivregister
2020-12-19,7585,Tagesreport aus dem DIVI-Intensivregister
2020-12-20,7587,Tagesreport aus dem DIVI-Intensivregister
2020-12-21,7589,Tagesreport aus dem DIVI-Intensivregister
2020-12-22,7592,Tagesreport aus dem DIVI-Intensivregister
2020-12-23,7595,Tagesreport aus dem DIVI-Intensivregister
2020-12-24,7597,Tagesreport aus dem DIVI-Intensivregister
2020-12-25,7599,Tagesreport aus dem DIVI-Intensivregister
2020-12-26,7601,Tagesreport aus dem DIVI-Intensivregister
2020-07-02,7127,Tagesreport aus dem DIVI-Intensivregister
2020-06-26,7121,Tagesreport aus dem DIVI-Intensivregister
2020-07-04,7129,Tagesreport aus dem DIVI-Intensivregister
2020-09-23,7210,Tagesreport aus dem DIVI-Intensivregister
2020-09-26,7213,Tagesreport aus dem DIVI-Intensivregister
2020-09-30,7217,Tagesreport aus dem DIVI-Intensivregister
2020-09-28,7215,Tagesreport aus dem DIVI-Intensivregister
2020-09-29,7216,Tagesreport aus dem DIVI-Intensivregister
2020-04-02,7040,Tagesreport aus dem DIVI-Intensivregister
2020-03-27,7035,Tagesreport aus dem DIVI-Intensivregister
2020-09-01,7188,Tagesreport aus dem DIVI-Intensivregister
2020-07-30,7155,Tagesreport aus dem DIVI-Intensivregister
2020-07-23,7148,Tagesreport aus dem DIVI-Intensivregister
2020-07-16,7141,Tagesreport aus dem DIVI-Intensivregister
2020-07-12,7137,Tagesreport aus dem DIVI-Intensivregister
2020-08-05,7161,Tagesreport aus dem DIVI-Intensivregister
2020-06-29,7124,Tagesreport aus dem DIVI-Intensivregister
2020-09-17,7204,Tagesreport aus dem DIVI-Intensivregister
2020-06-07,7102,Tagesreport aus dem DIVI-Intensivregister
2020-08-26,7182,Tagesreport aus dem DIVI-Intensivregister
2020-09-08,7195,Tagesreport aus dem DIVI-Intensivregister
2020-06-16,7111,Tagesreport aus dem DIVI-Intensivregister
2020-08-09,7165,Tagesreport aus dem DIVI-Intensivregister
2020-08-18,7174,Tagesreport aus dem DIVI-Intensivregister
2020-06-12,7107,Tagesreport aus dem DIVI-Intensivregister
2020-06-19,7114,Tagesreport aus dem DIVI-Intensivregister
2020-09-27,7214,Tagesreport aus dem DIVI-Intensivregister
2020-10-06,7223,Tagesreport aus dem DIVI-Intensivregister
2020-08-17,7173,Tagesreport aus dem DIVI-Intensivregister
2020-08-20,7176,Tagesreport aus dem DIVI-Intensivregister
2020-06-18,7113,Tagesreport aus dem DIVI-Intensivregister
2020-06-30,7125,Tagesreport aus dem DIVI-Intensivregister
2020-06-28,7123,Tagesreport aus dem DIVI-Intensivregister
2020-07-22,7147,Tagesreport aus dem DIVI-Intensivregister
2020-09-14,7201,Tagesreport aus dem DIVI-Intensivregister
2020-06-14,7109,Tagesreport aus dem DIVI-Intensivregister
2020-08-06,7162,Tagesreport aus dem DIVI-Intensivregister
2020-08-15,7171,Tagesreport aus dem DIVI-Intensivregister
2020-07-13,7138,Tagesreport aus dem DIVI-Intensivregister
2020-09-03,7190,Tagesreport aus dem DIVI-Intensivregister
2020-07-06,7131,Tagesreport aus dem DIVI-Intensivregister
2020-07-01,7126,Tagesreport aus dem DIVI-Intensivregister
2020-06-06,7101,Tagesreport aus dem DIVI-Intensivregister
2020-07-27,7152,Tagesreport aus dem DIVI-Intensivregister
2020-07-09,7134,Tagesreport aus dem DIVI-Intensivregister
2020-08-28,7184,Tagesreport aus dem DIVI-Intensivregister
2020-06-13,7108,Tagesreport aus dem DIVI-Intensivregister
2020-08-02,7158,Tagesreport aus dem DIVI-Intensivregister
2020-07-14,7139,Tagesreport aus dem DIVI-Intensivregister
2020-07-28,7153,Tagesreport aus dem DIVI-Intensivregister
2020-07-29,7154,Tagesreport aus dem DIVI-Intensivregister
2020-07-31,7156,Tagesreport aus dem DIVI-Intensivregister
2020-06-08,7103,Tagesreport aus dem DIVI-Intensivregister
2020-06-11,7106,Tagesreport aus dem DIVI-Intensivregister
2020-06-17,7112,Tagesreport aus dem DIVI-Intensivregister
2020-08-22,7178,Tagesreport aus dem DIVI-Intensivregister
2020-06-15,7110,Tagesreport aus dem DIVI-Intensivregister
2020-07-25,7150,Tagesreport aus dem DIVI-Intensivregister
2020-07-08,7133,Tagesreport aus dem DIVI-Intensivregister
2020-04-12,7046,Tagesreport aus dem DIVI-Intensivregister
2020-04-11,7045,Tagesreport aus dem DIVI-Intensivregister
2020-06-09,7104,Tagesreport aus dem DIVI-Intensivregister
2020-08-10,7166,Tagesreport aus dem DIVI-Intensivregister
2020-06-27,7122,Tagesreport aus dem DIVI-Intensivregister
2020-08-08,7164,Tagesreport aus dem DIVI-Intensivregister
2020-07-19,7144,Tagesreport aus dem DIVI-Intensivregister
2020-07-20,7145,Tagesreport aus dem DIVI-Intensivregister
2020-09-18,7205,Tagesreport aus dem DIVI-Intensivregister
2020-04-09,7043,Tagesreport aus dem DIVI-Intensivregister
2020-08-13,7169,Tagesreport aus dem DIVI-Intensivregister
2020-09-07,7194,Tagesreport aus dem DIVI-Intensivregister
2020-08-24,7180,Tagesreport aus dem DIVI-Intensivregister
2020-09-05,7192,Tagesreport aus dem DIVI-Intensivregister
2020-09-22,7209,Tagesreport aus dem DIVI-Intensivregister
2020-10-04,7221,Tagesreport aus dem DIVI-Intensivregister
2020-09-21,7208,Tagesreport aus dem DIVI-Intensivregister
2020-08-29,7185,Tagesreport aus dem DIVI-Intensivregister
2020-08-14,7170,Tagesreport aus dem DIVI-Intensivregister
2020-09-25,7212,Tagesreport aus dem DIVI-Intensivregister
2020-09-19,7206,Tagesreport aus dem DIVI-Intensivregister
2020-10-07,7224,Tagesreport aus dem DIVI-Intensivregister
2020-04-04,7042,Tagesreport aus dem DIVI-Intensivregister
2020-03-28,7036,Tagesreport aus dem DIVI-Intensivregister
2020-06-20,7115,Tagesreport aus dem DIVI-Intensivregister
2020-08-31,7187,Tagesreport aus dem DIVI-Intensivregister
2020-07-15,7140,Tagesreport aus dem DIVI-Intensivregister
2020-07-24,7149,Tagesreport aus dem DIVI-Intensivregister
2020-10-05,7222,Tagesreport aus dem DIVI-Intensivregister
2020-09-13,7200,Tagesreport aus dem DIVI-Intensivregister
2020-09-12,7199,Tagesreport aus dem DIVI-Intensivregister
2020-03-30,7038,Tagesreport aus dem DIVI-Intensivregister
2020-06-10,7105,Tagesreport aus dem DIVI-Intensivregister
2020-06-05,7100,Tagesreport aus dem DIVI-Intensivregister
2020-09-06,7193,Tagesreport aus dem DIVI-Intensivregister
2020-06-22,7117,Tagesreport aus dem DIVI-Intensivregister
2020-10-01,7218,Tagesreport aus dem DIVI-Intensivregister
2020-08-23,7179,Tagesreport aus dem DIVI-Intensivregister
2020-08-04,7160,Tagesreport aus dem DIVI-Intensivregister
2020-08-03,7159,Tagesreport aus dem DIVI-Intensivregister
2020-09-09,7196,Tagesreport aus dem DIVI-Intensivregister
2020-03-29,7037,Tagesreport aus dem DIVI-Intensivregister
2020-08-30,7186,Tagesreport aus dem DIVI-Intensivregister
2020-08-21,7177,Tagesreport aus dem DIVI-Intensivregister
2020-08-07,7163,Tagesreport aus dem DIVI-Intensivregister
2020-07-10,7135,Tagesreport aus dem DIVI-Intensivregister
2020-07-11,7136,Tagesreport aus dem DIVI-Intensivregister
2020-09-20,7207,Tagesreport aus dem DIVI-Intensivregister
2020-09-10,7197,Tagesreport aus dem DIVI-Intensivregister
2020-04-01,7039,Tagesreport aus dem DIVI-Intensivregister
2020-06-23,7118,Tagesreport aus dem DIVI-Intensivregister
2020-08-16,7172,Tagesreport aus dem DIVI-Intensivregister
2020-07-18,7143,Tagesreport aus dem DIVI-Intensivregister
2020-07-05,7130,Tagesreport aus dem DIVI-Intensivregister
2020-10-03,7220,Tagesreport aus dem DIVI-Intensivregister
2020-06-25,7120,Tagesreport aus dem DIVI-Intensivregister
2020-09-11,7198,Tagesreport aus dem DIVI-Intensivregister
2020-09-15,7202,Tagesreport aus dem DIVI-Intensivregister
2020-06-21,7116,Tagesreport aus dem DIVI-Intensivregister
2020-08-19,7175,Tagesreport aus dem DIVI-Intensivregister
2020-08-01,7157,Tagesreport aus dem DIVI-Intensivregister
2020-07-21,7146,Tagesreport aus dem DIVI-Intensivregister
2020-09-16,7203,Tagesreport aus dem DIVI-Intensivregister
2020-08-11,7167,Tagesreport aus dem DIVI-Intensivregister
2020-08-27,7183,Tagesreport aus dem DIVI-Intensivregister
2020-09-04,7191,Tagesreport aus dem DIVI-Intensivregister
2020-08-12,7168,Tagesreport aus dem DIVI-Intensivregister
2020-07-03,7128,Tagesreport aus dem DIVI-Intensivregister
2020-06-24,7119,Tagesreport aus dem DIVI-Intensivregister
2020-10-02,7219,Tagesreport aus dem DIVI-Intensivregister
2020-04-10,7044,Tagesreport aus dem DIVI-Intensivregister
2020-09-02,7189,Tagesreport aus dem DIVI-Intensivregister
2020-07-17,7142,Tagesreport aus dem DIVI-Intensivregister
2020-08-25,7181,Tagesreport aus dem DIVI-Intensivregister
